﻿<?xml version="1.0" encoding="utf-8"?>
<manifest identifier="_61zQ33FwITI_course_id" version="1.0" xmlns="http://www.imsproject.org/xsd/imscp_rootv1p1p2" xmlns:adlcp="http://www.adlnet.org/xsd/adlcp_rootv1p2" xmlns:xsi="http://www.w3.org/2001/XMLSchema-instance" xsi:schemaLocation="http://www.imsproject.org/xsd/imscp_rootv1p1p2 imscp_rootv1p1p2.xsd http://www.imsglobal.org/xsd/imsmd_rootv1p2p1 imsmd_rootv1p2p1.xsd http://www.adlnet.org/xsd/adlcp_rootv1p2 adlcp_rootv1p2.xsd">
  <metadata>
    <schema>ADL SCORM</schema>
    <schemaversion>1.2</schemaversion>
    <lom xmlns="http://www.imsglobal.org/xsd/imsmd_rootv1p2p1" xmlns:xsi="http://www.w3.org/2001/XMLSchema-instance" xsi:schemaLocation="http://www.imsglobal.org/xsd/imsmd_rootv1p2p1 imsmd_rootv1p2p1.xsd">
      <general>
        <title>
          <langstring xml:lang="x-none">Anesthesia provider workflows for BD Pyxis Anesthesia Station ES</langstring>
        </title>
      </general>
      <lifecycle>
        <version>
          <langstring xml:lang="x-none">1</langstring>
        </version>
        <status>
          <source>
            <langstring xml:lang="x-none">LOMv1.0</langstring>
          </source>
          <value>
            <langstring xml:lang="x-none">Final</langstring>
          </value>
        </status>
      </lifecycle>
      <metametadata>
        <metadatascheme>ADL SCORM 1.2</metadatascheme>
      </metametadata>
      <educational>
        <typicallearningtime>
          <datetime>PT0H0M0S</datetime>
        </typicallearningtime>
      </educational>
      <rights>
        <cost>
          <source>
            <langstring xml:lang="x-none">LOMv1.0</langstring>
          </source>
          <value>
            <langstring xml:lang="x-none">yes</langstring>
          </value>
        </cost>
        <copyrightandotherrestrictions>
          <source>
            <langstring xml:lang="x-none">LOMv1.0</langstring>
          </source>
          <value>
            <langstring xml:lang="x-none">yes</langstring>
          </value>
        </copyrightandotherrestrictions>
      </rights>
    </lom>
  </metadata>
  <organizations default="Anesthesia_provider_workflows_for_BD_Pyxis_Anesthesia_Station_ES_ORG">
    <organization identifier="Anesthesia_provider_workflows_for_BD_Pyxis_Anesthesia_Station_ES_ORG">
      <title>Anesthesia provider workflows for BD Pyxis Anesthesia Station ES</title>
      <item identifier="Material_Design_Storyline_2_Template_SCO" isvisible="true" identifierref="__61zQ33FwITI_course_id_RES">
        <title>Anesthesia provider workflows for BD Pyxis Anesthesia Station ES</title>
        <adlcp:masteryscore>80</adlcp:masteryscore>
      </item>
    </organization>
  </organizations>
  <resources>
    <resource identifier="__61zQ33FwITI_course_id_RES" type="webcontent" href="index_lms.html" adlcp:scormtype="sco">
      <file href="story_content/thumbnail.jpg" />
      <file href="mobile/6MUveAmNx1I_DX524_DY524_CX262_CY262.png" />
      <file href="mobile/6bU1pDMNsB1_DX1920_DY1920_CX960_CY48.png" />
      <file href="mobile/5YYM1qSxKHh_DX40_DY40_CX20_CY16.png" />
      <file href="mobile/6bvBv67dExa_DX144_DY144_CX72_CY34.png" />
      <file href="mobile/5d92odiQtIS_DX96_DY96_CX1_CY48.png" />
      <file href="mobile/6S4ji6eloF8_DX1920_DY1920_CX960_CY32.png" />
      <file href="mobile/6Y73YXm5yhl_DX500_DY500_CX250_CY2.png" />
      <file href="mobile/5nmzQe4hyWp_DX776_DY776_CX441_CY582.png" />
      <file href="mobile/5xOaTjIRl1f_DX656_DY656_CX328_CY278.png" />
      <file href="mobile/60Wog5GJGj6_P_0_213_293_248_DX1600_DY1600_CX293_CY249.png" />
      <file href="mobile/6ctAwa78nh8_P_0_248_479_409_DX1086_DY1086_CX479_CY409.png" />
      <file href="mobile/5zVbqJkllvN_P_0_0_628_533_DX834_DY834_CX492_CY417.png" />
      <file href="mobile/5fV0WrKkpQi_P_0_0_629_533_DX832_DY832_CX492_CY416.png" />
      <file href="mobile/66AifmlLWII_P_0_0_626_533_DX834_DY834_CX490_CY417.png" />
      <file href="mobile/5vIgIlNOkIK_P_0_0_629_533_DX834_DY834_CX492_CY417.png" />
      <file href="mobile/5sZwq02L9wb_DX696_DY696_CX492_CY469.png" />
      <file href="mobile/5qhDl9TnQh8_P_0_64_800_385_DX1600_DY1600_CX800_CY386.png" />
      <file href="mobile/6XVKc0zrH7T_DX1866_DY1866_CX1280_CY720.png" />
      <file href="mobile/6NPtVWnmisf_DX1866_DY1866_CX1280_CY720.png" />
      <file href="mobile/6T74Lty0uuN_DX1866_DY1866_CX1280_CY720.png" />
      <file href="mobile/6qujKmg0c2E_DX1866_DY1866_CX1280_CY720.png" />
      <file href="mobile/61zy8YSHtjL_DX1866_DY1866_CX1280_CY720.png" />
      <file href="mobile/6nNiyQYZaR1_DX1866_DY1866_CX1280_CY720.png" />
      <file href="mobile/62Qq5gICGgr_DX1866_DY1866_CX1280_CY720.png" />
      <file href="mobile/66IFkfqowsD_DX1866_DY1866_CX1280_CY720.png" />
      <file href="mobile/5ta4VXDDdw2_DX1866_DY1866_CX1280_CY720.png" />
      <file href="mobile/6KjiPfy12EY_DX1866_DY1866_CX1280_CY720.png" />
      <file href="mobile/6J3FgXOkHx6_DX1866_DY1866_CX1280_CY720.png" />
      <file href="mobile/5xtLdF8RJ4U_DX1866_DY1866_CX1280_CY720.png" />
      <file href="mobile/6YOzgZFwhVD_DX1866_DY1866_CX1280_CY720.png" />
      <file href="mobile/6gfPZxiZ3fC_DX1866_DY1866_CX1280_CY720.png" />
      <file href="mobile/6Iq5Bzn6sT8_DX1866_DY1866_CX1280_CY720.png" />
      <file href="mobile/5xQKlmQr90J_DX1866_DY1866_CX1280_CY720.png" />
      <file href="mobile/6A7FZJIUm5N_DX1866_DY1866_CX1280_CY720.png" />
      <file href="mobile/6ocRIEFkf4q_DX1866_DY1866_CX1280_CY720.png" />
      <file href="mobile/6lJ7sd3ygDx_DX1866_DY1866_CX1280_CY720.png" />
      <file href="mobile/65yCJCEYGkd_DX1866_DY1866_CX1280_CY720.png" />
      <file href="mobile/5YLC81cDw8U_DX1866_DY1866_CX1280_CY720.png" />
      <file href="mobile/6U9UiUdE2ps_DX1866_DY1866_CX1280_CY720.png" />
      <file href="mobile/5WDrDgaQSv1_DX1866_DY1866_CX1280_CY720.png" />
      <file href="mobile/6poPjpakTbN_DX1866_DY1866_CX1280_CY720.png" />
      <file href="mobile/5V6rZyUXzjf_DX1866_DY1866_CX1280_CY720.png" />
      <file href="mobile/66s7udB3gXH_DX1866_DY1866_CX1280_CY720.png" />
      <file href="mobile/6Tcl1UWkRL9_DX1866_DY1866_CX1280_CY720.png" />
      <file href="mobile/5d9InnjtD9I_DX1866_DY1866_CX1280_CY720.png" />
      <file href="mobile/6OGfu3WyXiV_DX1866_DY1866_CX1280_CY720.png" />
      <file href="mobile/5geJPqm9jHl_DX1866_DY1866_CX1280_CY720.png" />
      <file href="mobile/5YAChcXLqHV_DX1866_DY1866_CX1280_CY720.png" />
      <file href="mobile/6ZM7WLmIg19_DX1866_DY1866_CX1280_CY720.png" />
      <file href="mobile/5uKjIzNAWyI_DX1866_DY1866_CX1280_CY720.png" />
      <file href="mobile/5h3A56khumK_DX1866_DY1866_CX1280_CY720.png" />
      <file href="mobile/6fVrFs0D6rL_DX1866_DY1866_CX1280_CY720.png" />
      <file href="mobile/60xPhenyUTR_DX1866_DY1866_CX1280_CY720.png" />
      <file href="mobile/66zsI4tAwIN_DX1866_DY1866_CX1280_CY720.png" />
      <file href="mobile/6MxM8iawsZE_DX1866_DY1866_CX1280_CY720.png" />
      <file href="mobile/6iIWKRwDBpw_DX1866_DY1866_CX1280_CY720.png" />
      <file href="mobile/6oLqqDBLYnn_DX1866_DY1866_CX1280_CY720.png" />
      <file href="mobile/5bQoyQViudB_DX1866_DY1866_CX1280_CY720.png" />
      <file href="mobile/5vAQ79G2Brz_DX1866_DY1866_CX1280_CY720.png" />
      <file href="mobile/5hS7ePCnajN_DX1866_DY1866_CX1280_CY720.png" />
      <file href="mobile/6UxBHUPdWfO_DX1866_DY1866_CX1280_CY720.png" />
      <file href="mobile/5zdfn0DxODr_DX1866_DY1866_CX1280_CY720.png" />
      <file href="mobile/691iZ0ulWx6_DX1866_DY1866_CX1280_CY720.png" />
      <file href="mobile/6mG8uThZJ6L_DX1866_DY1866_CX1280_CY720.png" />
      <file href="mobile/6PRUrOeIhJ9_DX1866_DY1866_CX1280_CY720.png" />
      <file href="mobile/5x4TTxcMmIe_DX1866_DY1866_CX1280_CY720.png" />
      <file href="mobile/5tsnKcfda0h_DX1866_DY1866_CX1280_CY720.png" />
      <file href="mobile/6fBXByEy9uI_DX1866_DY1866_CX1280_CY720.png" />
      <file href="mobile/6JsQv72shty_DX1866_DY1866_CX1280_CY720.png" />
      <file href="mobile/5XD6CcN2Rur_DX1866_DY1866_CX1280_CY720.png" />
      <file href="mobile/5e1WDdQ4pnU_DX1866_DY1866_CX1280_CY720.png" />
      <file href="mobile/5c2OvuSFkyI_DX1866_DY1866_CX1280_CY720.png" />
      <file href="mobile/6XX3RtdU3Ws_DX1866_DY1866_CX1280_CY720.png" />
      <file href="mobile/60XnWkUvb8r_DX1866_DY1866_CX1280_CY720.png" />
      <file href="mobile/6foE8GhZV2H_DX1866_DY1866_CX1280_CY720.png" />
      <file href="mobile/5eoK4iJJ7H6_DX1866_DY1866_CX1280_CY720.png" />
      <file href="mobile/6pCwXte6TMQ_DX1866_DY1866_CX1280_CY720.png" />
      <file href="mobile/6r5xXwLCtsV_DX1866_DY1866_CX1280_CY720.png" />
      <file href="mobile/6ANTSi6HVOF_DX1866_DY1866_CX1280_CY720.png" />
      <file href="mobile/6bB25unVdtT_DX174_DY174_CX87_CY46.jpg" />
      <file href="mobile/5Xp5FecdZXJ_DX174_DY174_CX87_CY46.jpg" />
      <file href="mobile/6bB25unVdtT_Q87C7C7C_DX174_DY174_CX87_CY46.jpg" />
      <file href="mobile/6OUjpDWtHwm_DX174_DY174_CX87_CY46.jpg" />
      <file href="mobile/6OUjpDWtHwm_Q87C7C7C_DX174_DY174_CX87_CY46.jpg" />
      <file href="mobile/6DfH9xRPv3r_DX174_DY174_CX87_CY46.jpg" />
      <file href="mobile/6DfH9xRPv3r_Q87C7C7C_DX174_DY174_CX87_CY46.jpg" />
      <file href="mobile/6UzX202Xozf_DX174_DY174_CX87_CY46.jpg" />
      <file href="mobile/6UzX202Xozf_Q87C7C7C_DX174_DY174_CX87_CY46.jpg" />
      <file href="mobile/6bMVvTnIBwT_DX174_DY174_CX87_CY46.jpg" />
      <file href="mobile/6bMVvTnIBwT_Q87C7C7C_DX174_DY174_CX87_CY46.jpg" />
      <file href="mobile/5yRb7Op0TSp_DX174_DY174_CX87_CY46.jpg" />
      <file href="mobile/5yRb7Op0TSp_Q87C7C7C_DX174_DY174_CX87_CY46.jpg" />
      <file href="mobile/5YWFYL3B5PH_DX174_DY174_CX87_CY46.jpg" />
      <file href="mobile/5YWFYL3B5PH_Q87C7C7C_DX174_DY174_CX87_CY46.jpg" />
      <file href="mobile/6HZKgOMTjyq_DX174_DY174_CX87_CY46.jpg" />
      <file href="mobile/6HZKgOMTjyq_Q87C7C7C_DX174_DY174_CX87_CY46.jpg" />
      <file href="mobile/5Xp5FecdZXJ_DX926_DY926_CX463_CY238.jpg" />
      <file href="mobile/6OUjpDWtHwm_DX926_DY926_CX463_CY238.jpg" />
      <file href="mobile/6DfH9xRPv3r_DX926_DY926_CX463_CY238.jpg" />
      <file href="mobile/6UzX202Xozf_DX926_DY926_CX463_CY238.jpg" />
      <file href="mobile/6bMVvTnIBwT_DX926_DY926_CX463_CY238.jpg" />
      <file href="mobile/5yRb7Op0TSp_DX926_DY926_CX463_CY238.jpg" />
      <file href="mobile/5YWFYL3B5PH_DX926_DY926_CX463_CY238.jpg" />
      <file href="mobile/6HZKgOMTjyq_DX926_DY926_CX463_CY238.jpg" />
      <file href="mobile/5lY1J26djuu_DX1866_DY1866_CX1280_CY720.png" />
      <file href="mobile/6oVz11vkiZr_DX1866_DY1866_CX1280_CY720.png" />
      <file href="mobile/67cozd4c4i7_DX1866_DY1866_CX1280_CY720.png" />
      <file href="mobile/5eFNspe8N8N_DX1866_DY1866_CX1280_CY720.png" />
      <file href="mobile/65bVnzwDaQX_DX1866_DY1866_CX1280_CY720.png" />
      <file href="mobile/5u2y5haVaEt_DX1866_DY1866_CX1280_CY720.png" />
      <file href="mobile/699OcfN0uZF_DX1866_DY1866_CX1280_CY720.png" />
      <file href="mobile/6arfFXANURl_DX1866_DY1866_CX1280_CY720.png" />
      <file href="mobile/6Fekd943EpZ_DX1866_DY1866_CX1280_CY720.png" />
      <file href="mobile/5mrWchQbX2o_DX1866_DY1866_CX1280_CY720.png" />
      <file href="mobile/67yOhcXGZLL_DX1866_DY1866_CX1280_CY720.png" />
      <file href="mobile/6hLmGZjDvkn_DX1866_DY1866_CX1280_CY720.png" />
      <file href="mobile/6AsCyqoeEIe_DX1866_DY1866_CX1280_CY720.png" />
      <file href="mobile/5s2JcnjoOjY_DX1866_DY1866_CX1280_CY720.png" />
      <file href="mobile/5VkL9RHLVvy_DX1866_DY1866_CX1280_CY720.png" />
      <file href="mobile/5ngdBypELTm_DX1866_DY1866_CX1280_CY720.png" />
      <file href="mobile/6UZtSrHWjUW_DX1866_DY1866_CX1280_CY720.png" />
      <file href="mobile/6SeJoGLP8Hz_DX1866_DY1866_CX1280_CY720.png" />
      <file href="mobile/6at7zy2P0qR_DX1866_DY1866_CX1280_CY720.png" />
      <file href="mobile/5bY9uwMislT_DX1866_DY1866_CX1280_CY720.png" />
      <file href="mobile/5fzHmuyVz6M_DX1866_DY1866_CX1280_CY720.png" />
      <file href="mobile/5z3cuL23vU1_DX1866_DY1866_CX1280_CY720.png" />
      <file href="mobile/6CM7iu84ZIE_DX1866_DY1866_CX1280_CY720.png" />
      <file href="mobile/6EGBlDCAoYG_DX1866_DY1866_CX1280_CY720.png" />
      <file href="mobile/6eIh6s3GOkS_DX1866_DY1866_CX1280_CY720.png" />
      <file href="mobile/5qEi7B8QuV8_DX1866_DY1866_CX1280_CY720.png" />
      <file href="mobile/5XDGPVH6u9E_DX1866_DY1866_CX1280_CY720.png" />
      <file href="meta.xml" />
      <file href="story_content/user.js" />
      <file href="mobile/txt__default_6mgJH0vOfWh.png" />
      <file href="mobile/txt__default_6ZAtmW94q0R.png" />
      <file href="mobile/txt__default_6qF0PVO5P7C.png" />
      <file href="mobile/txt__default_6oezcNiNSRP.png" />
      <file href="mobile/txt__default_5rGgSQJ9tl5.png" />
      <file href="mobile/txt__default_5YtrjbUiGys.png" />
      <file href="mobile/txt__default_6arvyp3tShW.png" />
      <file href="mobile/txt__default_6Fm5p1bS1Jv.png" />
      <file href="mobile/txt__default_6ooC4adhGLa.png" />
      <file href="mobile/txt__default_5qJcRIQdvce.png" />
      <file href="mobile/txt__default_5X2Q9D0VhUA.png" />
      <file href="mobile/txt__default_6kHzuvIEJi6.png" />
      <file href="mobile/txt__default_6AzB0eeSgJK.png" />
      <file href="mobile/txt__default_63NqIh0q8xe.png" />
      <file href="mobile/txt__default_5jsXHjOHm3m.png" />
      <file href="mobile/txt__default_6ePR7DlGL3R.png" />
      <file href="mobile/txt__default_5hHXIEIHkd6.png" />
      <file href="mobile/txt__default_613MmlnFbdZ.png" />
      <file href="mobile/txt__default_6CF5QYcs5Ax.png" />
      <file href="mobile/txt__default_6kAMb7XajSO.png" />
      <file href="mobile/txt__default_6kIFAM56Dex.png" />
      <file href="mobile/txt__default_5zLPQ87238o.png" />
      <file href="mobile/txt__default_5hs32rkxqEP.png" />
      <file href="mobile/txt__default_6nnQIeU7XtO.png" />
      <file href="mobile/txt__default_5bU7PltPkmS.png" />
      <file href="mobile/txt__default_6aFIyRQfcLR.png" />
      <file href="mobile/txt__default_5Xxxq6SVPt5.png" />
      <file href="mobile/txt__default_6fJVwcRmZWy.png" />
      <file href="mobile/txt__default_6RtGGgabHaf.png" />
      <file href="mobile/txt__default_6hb2leENwos.png" />
      <file href="mobile/txt__default_6AgmI0i0PwB.png" />
      <file href="mobile/txt__default_6bzz0CNThxl.png" />
      <file href="mobile/txt__default_6QkHh8YHyhi.png" />
      <file href="mobile/txt__default_6Xjcr47wK8U.png" />
      <file href="mobile/txt__default_5w1qRwhghux.png" />
      <file href="mobile/txt__default_6BosHzaIvVG.png" />
      <file href="mobile/txt__default_65PDhGoDSHX.png" />
      <file href="mobile/txt__default_68kem9bgO3U.png" />
      <file href="mobile/txt__default_5hiEgTQn5C0.png" />
      <file href="mobile/txt__default_63JPfWtiEFg.png" />
      <file href="mobile/txt__default_6VNq6B2jEuj.png" />
      <file href="mobile/txt__default_6fzGj1Q6sjk.png" />
      <file href="mobile/txt__default_6g4FSVfCGSV.png" />
      <file href="mobile/txt__default_5l5mEfqp5GE.png" />
      <file href="mobile/txt__default_6lh9VlBxJcS.png" />
      <file href="mobile/txt__default_5ajWGR1ilCu.png" />
      <file href="mobile/txt__default_6kxYafpOSt9.png" />
      <file href="mobile/txt__default_6q1Y9wrpekL.png" />
      <file href="mobile/txt__default_5sFjYMbLv4V.png" />
      <file href="mobile/txt__default_6OjmDZNSZ6r.png" />
      <file href="mobile/txt__default_5qe3n34WA1v.png" />
      <file href="mobile/txt__default_6TsETopliUb.png" />
      <file href="mobile/txt__default_6dhWCXDXILb.png" />
      <file href="mobile/txt__default_5XE6p5BXj6I.png" />
      <file href="mobile/txt__default_6cIYlGAfynn.png" />
      <file href="mobile/txt__default_5mljhooopPz.png" />
      <file href="mobile/txt__default_6Xz498XrwPd.png" />
      <file href="mobile/txt__default_5eYbPjkHTA4.png" />
      <file href="mobile/txt__default_6eIO96JUK5r.png" />
      <file href="mobile/txt__default_6WlYnMkk6Rs.png" />
      <file href="mobile/txt__default_6VT8NCUr4Lo.png" />
      <file href="mobile/txt__default_6DqbAulCsBE.png" />
      <file href="mobile/txt__default_69hdiyUHYXt.png" />
      <file href="mobile/txt__default_68e1Q9tkjwZ.png" />
      <file href="mobile/txt__default_6Nzir6mKCEs.png" />
      <file href="mobile/txt__default_5bRorLzh2k0.png" />
      <file href="mobile/txt__default_5fbEy00V1LS.png" />
      <file href="mobile/txt__default_6VGgmFD7ict.png" />
      <file href="mobile/txt__default_6NnlvuWCydb.png" />
      <file href="mobile/txt__default_6bHFaH3zUFJ.png" />
      <file href="mobile/txt__default_6jCudEJHQHc.png" />
      <file href="mobile/txt__default_6XDX7MOZ1vy.png" />
      <file href="mobile/txt__default_5iMJOPlB7CD.png" />
      <file href="mobile/txt__default_5fjf4mzMGG2.png" />
      <file href="mobile/txt__default_5cCsvvFW5ol.png" />
      <file href="mobile/txt__default_6IOvTEkm5Aj.png" />
      <file href="mobile/txt__default_6jUfMSG3XYc.png" />
      <file href="mobile/txt__default_5hLcTjMcEag.png" />
      <file href="mobile/txt__default_6YO31kzBFrj.png" />
      <file href="mobile/txt__default_5yJv3MVJNTH.png" />
      <file href="mobile/txt__default_5WqOIZSVMm6.png" />
      <file href="mobile/txt__default_6JPj21Gjub7.png" />
      <file href="mobile/txt__default_5qsRR9fNQio.png" />
      <file href="mobile/txt__default_60kyiTf8mUa.png" />
      <file href="mobile/txt__default_6L8tattiu8h.png" />
      <file href="mobile/txt__default_6TdFbJxr9Ps.png" />
      <file href="mobile/txt__default_6bAJMxOeerb.png" />
      <file href="mobile/txt__default_6S6LKDUovqQ.png" />
      <file href="mobile/txt__default_5pNtA66aAqc.png" />
      <file href="mobile/txt__default_6gdhOC72qXN.png" />
      <file href="mobile/txt__default_69l3Y2CJcsD.png" />
      <file href="mobile/txt__default_6eo4K9Awv7U.png" />
      <file href="mobile/txt__default_5a8Lu6FN0JT.png" />
      <file href="mobile/txt__default_5kKhsTaMIwi.png" />
      <file href="mobile/txt__default_5c7YyKvQTy3.png" />
      <file href="mobile/txt__default_6DJWwMfWvSo.png" />
      <file href="mobile/txt__default_6Wh8opLShRk.png" />
      <file href="mobile/txt__default_5aUekFVoh2p.png" />
      <file href="mobile/txt__default_6fryzQIZDRq.png" />
      <file href="mobile/txt__default_6p7yvP1bej7.png" />
      <file href="mobile/txt__default_5e8raaaQF9u.png" />
      <file href="mobile/txt__default_6TifmaCaf59.png" />
      <file href="mobile/txt__default_6h00MULJC8q.png" />
      <file href="mobile/txt__default_68kGaPLZJ1D.png" />
      <file href="mobile/txt__default_5eoWJWoMjNe.png" />
      <file href="mobile/txt__default_6ONxa1UbtHg.png" />
      <file href="mobile/txt__default_6TlVduXi5ue.png" />
      <file href="mobile/txt__default_67TByXM0HKM.png" />
      <file href="mobile/txt__default_5cvqEqgxDGM.png" />
      <file href="mobile/txt__default_6lmw8YiEGok.png" />
      <file href="mobile/txt__default_6WV2xIJNrxZ.png" />
      <file href="mobile/txt__default_6F2W9he1NQA.png" />
      <file href="mobile/txt__default_6eoHo3odUbG.png" />
      <file href="mobile/txt__default_5kaIWTCUgxo.png" />
      <file href="html5/data/css/output.min.css" />
      <file href="html5/data/js/5a2qPPKw75C.js" />
      <file href="html5/data/js/5bCPj4eZmYr.js" />
      <file href="html5/data/js/5bKPixQ4tmF.js" />
      <file href="html5/data/js/5ccuUC5DJSp.js" />
      <file href="html5/data/js/5cGr3zScVpn.js" />
      <file href="html5/data/js/5cTYomM5SbQ.js" />
      <file href="html5/data/js/5d2if1j1sZl.js" />
      <file href="html5/data/js/5dN3u1Pts8E.js" />
      <file href="html5/data/js/5dRGTKgK3N5.js" />
      <file href="html5/data/js/5e5ixhEluBc.js" />
      <file href="html5/data/js/5eLTwbDnhya.js" />
      <file href="html5/data/js/5esgByu0eo3.js" />
      <file href="html5/data/js/5eU23cwBZie.js" />
      <file href="html5/data/js/5eyzkh6Y23D.js" />
      <file href="html5/data/js/5g6U2Cr558Z.js" />
      <file href="html5/data/js/5gElycA96Zt.js" />
      <file href="html5/data/js/5hy4J3HGX5k.js" />
      <file href="html5/data/js/5hYY37wYD1k.js" />
      <file href="html5/data/js/5iCkpu52ixf.js" />
      <file href="html5/data/js/5iJ5YApUGhR.js" />
      <file href="html5/data/js/5iMDzXTY6Ll.js" />
      <file href="html5/data/js/5ivwafETfbb.js" />
      <file href="html5/data/js/5ixZ6llFgHW.js" />
      <file href="html5/data/js/5j5YovHWI3K.js" />
      <file href="html5/data/js/5jkLUX9AFIe.js" />
      <file href="html5/data/js/5jpHWnwfUM9.js" />
      <file href="html5/data/js/5kttxSxc7PH.js" />
      <file href="html5/data/js/5l0wDPOaSOc.js" />
      <file href="html5/data/js/5l6xflXavC3.js" />
      <file href="html5/data/js/5lkqnbklDMD.js" />
      <file href="html5/data/js/5lWVszCAV94.js" />
      <file href="html5/data/js/5lXoKnz96FV.js" />
      <file href="html5/data/js/5m5mb5oNe9N.js" />
      <file href="html5/data/js/5mf9rbbJuTf.js" />
      <file href="html5/data/js/5mJqclGRq9x.js" />
      <file href="html5/data/js/5mtWYLNjHJY.js" />
      <file href="html5/data/js/5nB24bXmXtq.js" />
      <file href="html5/data/js/5nFs76LrkjU.js" />
      <file href="html5/data/js/5nju7nbx7uu.js" />
      <file href="html5/data/js/5oktV8FOLnG.js" />
      <file href="html5/data/js/5ozEMPX8pIj.js" />
      <file href="html5/data/js/5pKZgUMLuEq.js" />
      <file href="html5/data/js/5pUt6fwTsW1.js" />
      <file href="html5/data/js/5qAa9HSPywb.js" />
      <file href="html5/data/js/5qfMkRQfvSG.js" />
      <file href="html5/data/js/5rxufnCsZXL.js" />
      <file href="html5/data/js/5seTtiMzb00.js" />
      <file href="html5/data/js/5sgvzR0njIE.js" />
      <file href="html5/data/js/5tfFPaAamQQ.js" />
      <file href="html5/data/js/5tx00t8alUr.js" />
      <file href="html5/data/js/5VDw86K7aTy.js" />
      <file href="html5/data/js/5vekSzi3rop.js" />
      <file href="html5/data/js/5VHtPR0cuXG.js" />
      <file href="html5/data/js/5VUd7H2RH9G.js" />
      <file href="html5/data/js/5w9dRpfa8Nb.js" />
      <file href="html5/data/js/5wa5CyJjr1G.js" />
      <file href="html5/data/js/5wcB6Vo11WS.js" />
      <file href="html5/data/js/5WES43fWtwp.js" />
      <file href="html5/data/js/5wgI7p53eFv.js" />
      <file href="html5/data/js/5WGXRPihmx4.js" />
      <file href="html5/data/js/5WhOSRW9IwJ.js" />
      <file href="html5/data/js/5WRSA8zgx11.js" />
      <file href="html5/data/js/5wtcu2efsHu.js" />
      <file href="html5/data/js/5X1u4YBxcyP.js" />
      <file href="html5/data/js/5x4NikLOcr4.js" />
      <file href="html5/data/js/5X4XaEQ0SNs.js" />
      <file href="html5/data/js/5yad0owajrU.js" />
      <file href="html5/data/js/5YBtUFdkVje.js" />
      <file href="html5/data/js/5yvLiWZ4rHV.js" />
      <file href="html5/data/js/5YwY6s8epVs.js" />
      <file href="html5/data/js/5zeNPWwXjPk.js" />
      <file href="html5/data/js/5ZGSQwI5wH0.js" />
      <file href="html5/data/js/5zNQPtrvYI0.js" />
      <file href="html5/data/js/5zRYZwewTrX.js" />
      <file href="html5/data/js/600J724CTQf.js" />
      <file href="html5/data/js/60EOOZ0lYKR.js" />
      <file href="html5/data/js/60nppHlnf6X.js" />
      <file href="html5/data/js/618q4rxZTNp.js" />
      <file href="html5/data/js/61zHqbtTQKC.js" />
      <file href="html5/data/js/62FCThn7Wyk.js" />
      <file href="html5/data/js/62swlnYisvU.js" />
      <file href="html5/data/js/62YDKzyGt7M.js" />
      <file href="html5/data/js/63agAXasDOD.js" />
      <file href="html5/data/js/63cDRiY8QYP.js" />
      <file href="html5/data/js/63ckJMmJjxm.js" />
      <file href="html5/data/js/63F29dwYzgW.js" />
      <file href="html5/data/js/63P2Lv5YiFq.js" />
      <file href="html5/data/js/644R1MsjLYa.js" />
      <file href="html5/data/js/64eWu4rFNq0.js" />
      <file href="html5/data/js/64FbvSVmZXd.js" />
      <file href="html5/data/js/64XRdLWhWTz.js" />
      <file href="html5/data/js/64ysengFVgS.js" />
      <file href="html5/data/js/6568KI5SEHD.js" />
      <file href="html5/data/js/65NITyyFCIo.js" />
      <file href="html5/data/js/66IujuTcvlT.js" />
      <file href="html5/data/js/66lVxvcgfGp.js" />
      <file href="html5/data/js/66pDTSh3OMn.js" />
      <file href="html5/data/js/67EQ2JIF3Ey.js" />
      <file href="html5/data/js/67WQJG1Y3iU.js" />
      <file href="html5/data/js/68E3vJwgeKa.js" />
      <file href="html5/data/js/68zCpqw5xhx.js" />
      <file href="html5/data/js/69cVe6OWSCV.js" />
      <file href="html5/data/js/69hYa7C60nk.js" />
      <file href="html5/data/js/69iiZBxZCeO.js" />
      <file href="html5/data/js/6at0WlC8ouO.js" />
      <file href="html5/data/js/6BmjDf0cJ1U.js" />
      <file href="html5/data/js/6BS2YNXvNll.js" />
      <file href="html5/data/js/6cCvlhkqMik.js" />
      <file href="html5/data/js/6CpYxQZipyz.js" />
      <file href="html5/data/js/6CsZ2obPVXK.js" />
      <file href="html5/data/js/6D0y8GWAIWe.js" />
      <file href="html5/data/js/6DdcjQ8GiWz.js" />
      <file href="html5/data/js/6e0QYKItoor.js" />
      <file href="html5/data/js/6EbmeSLkczh.js" />
      <file href="html5/data/js/6ecSrK8AqIE.js" />
      <file href="html5/data/js/6eMJpqhhWv7.js" />
      <file href="html5/data/js/6EUf16I5WYz.js" />
      <file href="html5/data/js/6EWoWCpEi22.js" />
      <file href="html5/data/js/6eYOZlGizwv.js" />
      <file href="html5/data/js/6Fh5wf08f9E.js" />
      <file href="html5/data/js/6G49a9PUcM8.js" />
      <file href="html5/data/js/6g4JKW4qjNg.js" />
      <file href="html5/data/js/6H4R6oHiE6e.js" />
      <file href="html5/data/js/6H7udRKYr6m.js" />
      <file href="html5/data/js/6HocxEr8KFW.js" />
      <file href="html5/data/js/6htiSjXXKmv.js" />
      <file href="html5/data/js/6hTPxWnNTdK.js" />
      <file href="html5/data/js/6hZJNWkompE.js" />
      <file href="html5/data/js/6I4jUsmjIFT.js" />
      <file href="html5/data/js/6i7RVLNN5RC.js" />
      <file href="html5/data/js/6IGAq6aayJJ.js" />
      <file href="html5/data/js/6IkKu8gjASy.js" />
      <file href="html5/data/js/6JcfHDXMCjF.js" />
      <file href="html5/data/js/6jIOV7zo6Iu.js" />
      <file href="html5/data/js/6JNA58lGTjm.js" />
      <file href="html5/data/js/6JnzDYkUQHC.js" />
      <file href="html5/data/js/6JqWX5i9AhQ.js" />
      <file href="html5/data/js/6JyBRvUX9sG.js" />
      <file href="html5/data/js/6JzgrtblreK.js" />
      <file href="html5/data/js/6K0FMfC5I1D.js" />
      <file href="html5/data/js/6KaWNOb3UWp.js" />
      <file href="html5/data/js/6KIbrZ6gh8y.js" />
      <file href="html5/data/js/6kKk23kczFy.js" />
      <file href="html5/data/js/6KuLkNYKUZe.js" />
      <file href="html5/data/js/6l7jSalGnlo.js" />
      <file href="html5/data/js/6L96gIpBWQ3.js" />
      <file href="html5/data/js/6lCLN8CYsC2.js" />
      <file href="html5/data/js/6LeAHOnzWZ0.js" />
      <file href="html5/data/js/6lF7oAMAW9y.js" />
      <file href="html5/data/js/6lG61Avnui6.js" />
      <file href="html5/data/js/6LhAUDAqTfQ.js" />
      <file href="html5/data/js/6lJBO200RD1.js" />
      <file href="html5/data/js/6LKygTnorCg.js" />
      <file href="html5/data/js/6m6TdZyCru0.js" />
      <file href="html5/data/js/6mDWHZYKmY9.js" />
      <file href="html5/data/js/6mE607aJaH3.js" />
      <file href="html5/data/js/6mg7XwUDQqe.js" />
      <file href="html5/data/js/6muyLf70cqm.js" />
      <file href="html5/data/js/6nauRgC59Jn.js" />
      <file href="html5/data/js/6NwQLh03VZ5.js" />
      <file href="html5/data/js/6NwrYhN8KT3.js" />
      <file href="html5/data/js/6oFG1fyXM7P.js" />
      <file href="html5/data/js/6OKJ7H7ol9l.js" />
      <file href="html5/data/js/6okMDtFcXws.js" />
      <file href="html5/data/js/6OpHAzLj1LJ.js" />
      <file href="html5/data/js/6pdlpQ0vXxq.js" />
      <file href="html5/data/js/6PjGJsJlOuQ.js" />
      <file href="html5/data/js/6PnhNDHeAy4.js" />
      <file href="html5/data/js/6pOPEqLWxwD.js" />
      <file href="html5/data/js/6PORJ2luy2U.js" />
      <file href="html5/data/js/6q4gp578HOB.js" />
      <file href="html5/data/js/6q8nDWg2CAb.js" />
      <file href="html5/data/js/6qcMs4AocUM.js" />
      <file href="html5/data/js/6QEN5ZyVR0v.js" />
      <file href="html5/data/js/6QHR4JEFOHK.js" />
      <file href="html5/data/js/6qTcLNFFFeg.js" />
      <file href="html5/data/js/6rFKLDhLbL1.js" />
      <file href="html5/data/js/6RFOb9jMOiZ.js" />
      <file href="html5/data/js/6rftcpgkHJY.js" />
      <file href="html5/data/js/6RHHFoc4GQW.js" />
      <file href="html5/data/js/6RkLhmUYlhC.js" />
      <file href="html5/data/js/6RNbmw4iG1T.js" />
      <file href="html5/data/js/6RPtIgGj2Ss.js" />
      <file href="html5/data/js/6Rw67YUgxIf.js" />
      <file href="html5/data/js/6rXacu59o5J.js" />
      <file href="html5/data/js/6rZqSSSI5eq.js" />
      <file href="html5/data/js/6RZTuynzofj.js" />
      <file href="html5/data/js/6S0W2PHK9uO.js" />
      <file href="html5/data/js/6SKz8qGwmRk.js" />
      <file href="html5/data/js/6SnbbCYQgCS.js" />
      <file href="html5/data/js/6SODGSA7mfj.js" />
      <file href="html5/data/js/6SoJbEoSGX9.js" />
      <file href="html5/data/js/6SwCtj53qL1.js" />
      <file href="html5/data/js/6TaSfpYORfg.js" />
      <file href="html5/data/js/6TCJFccI9rb.js" />
      <file href="html5/data/js/6U43F995Q3S.js" />
      <file href="html5/data/js/6Va1uPLw573.js" />
      <file href="html5/data/js/6VadppdcWr3.js" />
      <file href="html5/data/js/6VdYL78BxLa.js" />
      <file href="html5/data/js/6WmMrTlbjFh.js" />
      <file href="html5/data/js/6WuW6U0J9KS.js" />
      <file href="html5/data/js/6WydYaBQbqD.js" />
      <file href="html5/data/js/6XbSxcbEp13.js" />
      <file href="html5/data/js/6XTk9KNzjSx.js" />
      <file href="html5/data/js/6XYklQNYjUA.js" />
      <file href="html5/data/js/6YgecREbUla.js" />
      <file href="html5/data/js/6YhXwve4Jle.js" />
      <file href="html5/data/js/6ZeBX6hNIIj.js" />
      <file href="html5/data/js/6ZmMEplE2KH.js" />
      <file href="html5/data/js/data.js" />
      <file href="html5/data/js/frame.js" />
      <file href="html5/data/js/paths.js" />
      <file href="html5/lib/scripts/app.min.js" />
      <file href="html5/lib/stylesheets/main.min.css" />
      <file href="html5/lib/stylesheets/mobile-fonts/open-sans-bold.woff" />
      <file href="html5/lib/stylesheets/mobile-fonts/open-sans-light.woff" />
      <file href="html5/lib/stylesheets/mobile-fonts/open-sans-regular.woff" />
      <file href="story.html" />
      <file href="story_html5.html" />
      <file href="story_content/blank.html" />
      <file href="story_content/story.js" />
      <file href="index_lms.html" />
      <file href="index_lms_html5.html" />
      <file href="lms/AICCComm.html" />
      <file href="lms/AICCFunctions.js" />
      <file href="lms/API.js" />
      <file href="lms/APIConstants.js" />
      <file href="lms/blank.html" />
      <file href="lms/browsersniff.js" />
      <file href="lms/Configuration.js" />
      <file href="lms/goodbye.html" />
      <file href="lms/lms.js" />
      <file href="lms/LMSAPI.js" />
      <file href="lms/NONEFunctions.js" />
      <file href="lms/SCORM2004Functions.js" />
      <file href="lms/SCORMFunctions.js" />
      <file href="lms/UtilityFunctions.js" />
    </resource>
  </resources>
</manifest>